Word,English
als,as
I,I
zijn,his
dat,that
hij,he
was,was
voor,for
op,on
zijn,are
met,with
ze,they
zijn,be
bij,at
een,one
hebben,have
deze,this
van,from
door,by
heet,hot
woord,word
maar,but
wat,what
sommige,some
is,is
het,it
u,you
of,or
had,had
de,the
van,of
aan,to
en,and
een,a
in,in
we,we
kan,can
uit,out
andere,other
waren,were
die,which
doen,do
hun,their
tijd,time
indien,if
zal,will
hoe,how
zei,said
een,an
elk,each
vertellen,tell
doet,does
set,set
drie,three
willen,want
lucht,air
goed,well
ook,also
spelen,play
klein,small
end,end
zetten,put
thuis,home
lezen,read
de hand,hand
poort,port
grote,large
spell,spell
toevoegen,add
zelfs,even
land,land
hier,here
moet,must
grote,big
hoog,high
dergelijke,such
volgen,follow
act,act
waarom,why
vragen,ask
mannen,men
verandering,change
ging,went
licht,light
soort,kind
uitgeschakeld,off
nodig hebben,need
huis,house
afbeelding,picture
proberen,try
ons,us
weer,again
dier,animal
punt,point
moeder,mother
wereld,world
dichtbij,near
bouwen,build
zelf,self
aarde,earth
vader,father
een,any
nieuwe,new
werk,work
deel,part
nemen,take
krijgen,get
plaats,place
gemaakt,made
wonen,live
waar,where
na,after
terug,back
weinig,little
alleen,only
ronde,round
man,man
jaar,year
kwam,came
Show,show
elke,every
goed,good
mij,me
geven,give
onze,our
onder,under
naam,name
zeer,very
door,through
gewoon,just
vorm,form
zin,sentence
grote,great
denken,think
zeggen,say
helpen,help
laag,low
lijn,line
verschillen,differ
beurt,turn
oorzaak,cause
veel,much
betekenen,mean
voor,before
verhuizing,move
rechts,right
jongen,boy
oude,old
ook,too
hetzelfde,same
ze,she
alle,all
er,there
wanneer,when
omhoog,up
gebruiken,use
uw,your
manier,way
over,about
veel,many
dan,then
hen,them
schrijven,write
zou,would
zoals,like
dus,so
deze,these
haar,her
lang,long
maken,make
ding,thing
zien,see
hem,him
twee,two
heeft,has
kijken,look
meer,more
dag,day
kon,could
gaan,go
komen,come
deed,did
aantal,number
klinken,sound
geen,no
meest,most
mensen,people
mijn,my
meer dan,over
weten,know
water,water
dan,than
roep,call
eerste,first
die,who
kan,may
naar beneden,down
kant,side
geweest,been
nu,now
vinden,find
hoofd,head
staan,stand
eigen,own
pagina,page
moeten,should
land,country
gevonden,found
antwoord,answer
de school,school
groeien,grow
studie,study
nog,still
leren,learn
planten,plant
afdekking,cover
voedsel,food
zon,sun
vier,four
tussen,between
staat,state
houden,keep
oog,eye
nooit,never
laatste,last
laten,let
gedachte,thought
stad,city
boom,tree
oversteken,cross
boerderij,farm
hard,hard
begin,start
zou,might
verhaal,story
zaag,saw
ver,far
zee,sea
tekenen,draw
links,left
laat,late
lopen,run
niet,don't
terwijl,while
pers,press
dicht,close
nacht,night
echt,real
leven,life
weinig,few
noorden,north
boek,book
dragen,carry
nam,took
wetenschap,science
eet,eat
kamer,room
vriend,friend
begon,began
idee,idea
vis,fish
berg,mountain
stop,stop
eenmaal,once
base,base
hear,hear
paard,horse
gesneden,cut
zeker,sure
kijken,watch
kleur,color
gezicht,face
hout,wood
belangrijkste,main
geopend,open
lijken,seem
samen,together
volgende,next
wit,white
kinderen,children
beginnen,begin
kreeg,got
lopen,walk
voorbeeld,example
gemak,ease
papier,paper
groep,group
altijd,always
muziek,music
die,those
beide,both
mark,mark
vaak,often
brief,letter
tot,until
mijl,mile
rivier,river
auto,car
voeten,feet
zorg,care
tweede,second
genoeg,enough
vlakte,plain
meisje,girl
gebruikelijke,usual
jonge,young
klaar,ready
boven,above
ooit,ever
rood,red
lijst,list
hoewel,though
voelen,feel
Overleg,talk
vogel,bird
spoedig,soon
lichaam,body
hond,dog
familie,family
rechtstreeks,direct
pose,pose
vertrekken,leave
lied,song
meten,measure
deur,door
artikel,product
zwart,black
korte,short
cijfer,numeral
klasse,class
wind,wind
vraag,question
gebeuren,happen
compleet,complete
schip,ship
gebied,area
helft,half
rots,rock
orde,order
brand,fire
zuiden,south
probleem,problem
stuk,piece
vertelde,told
wist,knew
passeren,pass
sinds,since
boven,top
geheel,whole
king,king
straat,street
inch,inch
vermenigvuldigen,multiply
niets,nothing
cursus,course
blijven,stay
wiel,wheel
volledige,full
kracht,force
blauw,blue
object,object
beslissen,decide
oppervlak,surface
diepe,deep
maan,moon
eiland,island
voet,foot
systeem,system
drukke,busy
toets,test
opnemen,record
boot,boat
gemeenschappelijke,common
goud,gold
mogelijk,possible
vliegtuig,plane
plaats,stead
droge,dry
afvragen,wonder
lachen,laugh
duizend,thousand
geleden,ago
ran,ran
controleren,check
spel,game
vorm,shape
gelijk,equate
heet,hot
miss,miss
bracht,brought
warmte,heat
sneeuw,snow
band,tire
brengen,bring
ja,yes
verre,distant
vullen,fill
oosten,east
schilderen,paint
taal,language
onder,among
eenheid,unit
kracht,power
stad,town
fijne,fine
bepaalde,certain
vliegen,fly
vallen,fall
leiden,lead
huilen,cry
donker,dark
apparaat,machine
noot,note
wachten,wait
plannen,plan
figuur,figure
ster,star
doos,box
zelfstandig naamwoord,noun
veld,field
rest,rest
juist,correct
in staat,able
pond,pound
gedaan,done
schoonheid,beauty
rijden,drive
stond,stood
bevatten,contain
voorzijde,front
leren,teach
week,week
finale,final
gaf,gave
groen,green
oh,oh
snel,quick
ontwikkelen,develop
oceaan,ocean
warme,warm
gratis,free
minuut,minute
sterke,strong
speciaal,special
geest,mind
achter,behind
duidelijk,clear
staart,tail
produceren,produce
feit,fact
ruimte,space
gehoord,heard
best,best
uur,hour
beter,better
ware,true
tijdens,during
honderd,hundred
vijf,five
onthouden,remember
stap,step
vroeg,early
houden,hold
west,west
grond,ground
rente,interest
bereiken,reach
snel,fast
werkwoord,verb
zingen,sing
luisteren,listen
zes,six
tafel,table
reizen,travel
minder,less
ochtend,morning
tien,ten
eenvoudig,simple
verscheidene,several
klinker,vowel
in de richting van,toward
oorlog,war
leggen,lay
tegen,against
patroon,pattern
langzaam,slow
centrum,center
liefde,love
persoon,person
geld,money
dienen,serve
verschijnen,appear
weg,road
kaart,map
regen,rain
regel,rule
regeren,govern
trek,pull
koude,cold
kennisgeving,notice
stem,voice
energie,energy
hunt,hunt
waarschijnlijk,probable
bedden,bed
broer,brother
ei,egg
rit,ride
cel,cell
geloven,believe
misschien,perhaps
pick,pick
plotseling,sudden
tellen,count
square,square
reden,reason
lengte,length
vertegenwoordigen,represent
kunst,art
onderwerp,subject
regio,region
grootte,size
variëren,vary
vestigen,settle
spreken,speak
gewicht,weight
algemeen,general
ijs,ice
aangelegenheid,matter
cirkel,circle
paar,pair
omvatten,include
kloof,divide
lettergreep,syllable
vilt,felt
grand,grand
bal,ball
nog,yet
wave,wave
laten vallen,drop
hart,heart
ben,am
aanwezig,present
zwaar,heavy
dans,dance
motor,engine
positie,position
arm,arm
breed,wide
zeil,sail
materiaal,material
fractie,fraction
bos,forest
zitten,sit
ras,race
venster,window
winkel,store
zomer,summer
trein,train
slaap,sleep
bewijzen,prove
eenzame,lone
been,leg
oefening,exercise
muur,wall
vangst,catch
berg,mount
wensen,wish
hemel,sky
boord,board
vreugde,joy
de winter,winter
zat,sat
geschreven,written
wild,wild
instrument,instrument
gehouden,kept
glas,glass
gras,grass
koe,cow
werk,job
edge,edge
teken,sign
bezoek,visit
verleden,past
zachte,soft
lol,fun
heldere,bright
gas,gas
weer,weather
maand,month
miljoen,million
dragen,bear
afwerking,finish
happy,happy
hopen,hope
bloem,flower
kleden,clothe
vreemd,strange
weg,gone
handel,trade
melodie,melody
reis,trip
kantoor,office
ontvangen,receive
rij,row
mond,mouth
exacte,exact
symbool,symbol
sterven,die
minste,least
problemen,trouble
schreeuw,shout
behalve,except
schreef,wrote
zaad,seed
toon,tone
toetreden tot,join
suggereren,suggest
schoon,clean
break,break
dame,lady
yard,yard
stijgen,rise
slecht,bad
klap,blow
olie,oil
bloed,blood
aanraken,touch
groeide,grew
procent,cent
mengen,mix
team,team
draad,wire
kosten,cost
verloren,lost
bruin,brown
dragen,wear
tuin,garden
gelijk,equal
verzonden,sent
kiezen,choose
viel,fell
passen,fit
stromen,flow
eerlijk,fair
bank,bank
verzamelen,collect
besparen,save
controle,control
decimaal,decimal
oor,ear
anders,else
heel,quite
brak,broke
geval,case
midden,middle
doden,kill
zoon,son
meer,lake
momenteel,moment
schaal,scale
luid,loud
voorjaar,spring
waarnemen,observe
kind,child
straight,straight
medeklinker,consonant
natie,nation
woordenboek,dictionary
melk,milk
snelheid,speed
methode,method
orgel,organ
betalen,pay
leeftijd,age
sectie,section
kleding,dress
wolk,cloud
verrassing,surprise
rustig,quiet
steen,stone
minuscuul,tiny
klimmen,climb
koele,cool
ontwerp,design
slechte,poor
veel,lot
experiment,experiment
onderzijde,bottom
sleutel,key
ijzer,iron
enkelvoudige,single
stok,stick
flat,flat
twintig,twenty
huid,skin
glimlach,smile
vouw,crease
gat,hole
springen,jump
kindje,baby
acht,eight
dorp,village
ontmoeten,meet
wortel,root
kopen,buy
verhogen,raise
op te lossen,solve
metalen,metal
of,whether
duw,push
zeven,seven
paragraaf,paragraph
derde,third
zal,shall
gehouden,held
haar,hair
beschrijven,describe
kok,cook
vloer,floor
ofwel,either
resultaat,result
verbranden,burn
hill,hill
veilig,safe
kat,cat
eeuw,century
overwegen,consider
soort,type
wet,law
beetje,bit
kust,coast
kopie,copy
zinsnede,phrase
stil,silent
hoog,tall
zand,sand
bodem,soil
rol,roll
temperatuur,temperature
vinger,finger
industrie,industry
waarde,value
strijd,fight
leugen,lie
verslaan,beat
excite,excite
natuurlijke,natural
view,view
sense,sense
hoofdstad,capital
zal niet,won't
stoel,chair
gevaar,danger
fruit,fruit
rijk,rich
dikke,thick
soldaat,soldier
proces,process
werken,operate
praktijk,practice
apart,separate
moeilijk,difficult
arts,doctor
aub,please
beschermen,protect
middag,noon
gewas,crop
moderne,modern
onderdeel,element
hit,hit
leerling,student
hoek,corner
partij,party
levering,supply
wiens,whose
lokaliseren,locate
kookplaten,ring
karakter,character
insecten,insect
gevangen,caught
periode,period
geven,indicate
radio In,radio
sprak,spoke
atoom,atom
menselijk,human
geschiedenis,history
werking,effect
elektrische,electric
verwachten,expect
bot,bone
spoor,rail
stel,imagine
bieden,provide
instemmen,agree
dus,thus
zachte,gentle
vrouw,woman
kapitein,captain
denk,guess
noodzakelijk,necessary
scherpe,sharp
vleugel,wing
creëren,create
buurman,neighbor
wassen,wash
vleermuis,bat
eerder,rather
menigte,crowd
maïs,corn
vergelijken,compare
gedicht,poem
koord,string
bell,bell
afhangen,depend
vlees,meat
wrijven,rub
buis,tube
beroemde,famous
deas,dollar
stroom,stream
angst,fear
zicht,sight
dun,thin
driehoek,triangle
planeet,planet
haast,hurry
chief,chief
kolonie,colony
klok,clock
de mijne,mine
stropdas,tie
voeren,enter
grote,major
vers,fresh
zoeken,search
sturen,send
geel,yellow
pistool,gun
toelaten,allow
afdrukken,print
dood,dead
plek,spot
woestijn,desert
pak,suit
huidige,current
lift,lift
gestegen,rose
aankomen,arrive
meester,master
spoor,track
ouder,parent
oever,shore
divisie,division
blad,sheet
stof,substance
gunst,favor
aansluiten,connect
post,post
besteden,spend
akkoord,chord
vet,fat
blij,glad
origineel,original
aandeel,share
station,station
dad,dad
brood,bread
rekenen,charge
behoorlijk,proper
bar,bar
aanbod,offer
segmenten,segment
slaaf,slave
eend,duck
onmiddellijke,instant
markt,market
graad,degree
bevolken,populate
kuiken,chick
lieve,dear
vijand,enemy
antwoorden,reply
drankje,drink
voorkomen,occur
ondersteuning,support
spraak,speech
natuur,nature
reeks,range
stoom,steam
beweging,motion
pad,path
vloeistof,liquid
aanmelden,log
betekende,meant
quotiënt,quotient
tanden,teeth
schelp,shell
nek,neck
zuurstof,oxygen
suiker,sugar
dood,death
vrij,pretty
vaardigheid,skill
vrouwen,women
seizoen,season
oplossing,solution
magneet,magnet
zilver,silver
dank,thank
tak,branch
wedstrijd,match
achtervoegsel,suffix
vooral,especially
vijg,fig
bang,afraid
reusachtig,huge
zus,sister
staal,steel
bespreken,discuss
vooruit,forward
gelijkaardige,similar
begeleiden,guide
ervaring,experience
partituur,score
appel,apple
gekocht,bought
geleid,led
toonhoogte,pitch
coat,coat
massa,mass
kaart,card
band,band
touw,rope
slip,slip
win,win
dromen,dream
avond,evening
voorwaarde,condition
voer,feed
gereedschap,tool
totaal,total
elementaire,basic
geur,smell
dal,valley
noch,nor
dubbel,double
zitje,seat
blijven,continue
blokkeren,block
grafiek,chart
hoed,hat
verkopen,sell
succes,success
bedrijf,company
aftrekken,subtract
evenement,event
bijzonder,particular
deal,deal
zwemmen,swim
termijn,term
tegengesteld,opposite
vrouw,wife
schoen,shoe
schouder,shoulder
spreiding,spread
regelen,arrange
kamp,camp
uitvinden,invent
katoen,cotton
geboren,born
bepalen,determine
quart,quart
negen,nine
vrachtwagen,truck
geluidsoverlast,noise
niveau,level
kans,chance
verzamelen,gather
winkel,shop
rekken,stretch
gooien,throw
glans,shine
pand,property
column,column
molecuul,molecule
selecteren,select
mis,wrong
grijs,gray
herhaal,repeat
vereisen,require
brede,broad
bereiden,prepare
zout,salt
neus,nose
meervoud,plural
woede,anger
vordering,claim
werelddeel,continent 